{"cameraMode":{"drawMode":0,"name":"Shaded","section":"Shading Mode"},"sceneLighting":true,"audioPlay":false,"sceneViewState":{"showFog":false,"showMaterialUpdate":false,"showSkybox":false,"showFlares":false,"showImageEffects":false,"showParticleSystems":true},"in2DMode":false,"pivot":{"x":1.1999998092651368,"y":8.100000381469727,"z":2750.0},"rotation":{"x":0.02123670093715191,"y":-0.08239229023456574,"z":0.001751574338413775,"w":0.9963812828063965},"size":41.624488830566409,"orthographic":false}