{"cameraMode":{"drawMode":0,"name":"Shaded","section":"Shading Mode"},"sceneLighting":false,"audioPlay":false,"sceneViewState":{"showFog":false,"showMaterialUpdate":false,"showSkybox":false,"showFlares":false,"showImageEffects":false,"showParticleSystems":true},"in2DMode":false,"pivot":{"x":-1.251296043395996,"y":6.917437553405762,"z":-1.0478487014770508},"rotation":{"x":0.0025068249087780716,"y":-0.8536733984947205,"z":0.004105145577341318,"w":0.5208013653755188},"size":16.557167053222658,"orthographic":false}