{"cameraMode":{"drawMode":0,"name":"Shaded","section":"Shading Mode"},"sceneLighting":false,"audioPlay":false,"sceneViewState":{"showFog":false,"showMaterialUpdate":false,"showSkybox":false,"showFlares":false,"showImageEffects":false,"showParticleSystems":true},"in2DMode":false,"pivot":{"x":3.516855239868164,"y":3.818286895751953,"z":10.030901908874512},"rotation":{"x":0.06925445795059204,"y":0.004485228564590216,"z":-0.0003096861473750323,"w":0.9975947737693787},"size":14.81452465057373,"orthographic":false}