{"cameraMode":{"drawMode":0,"name":"Shaded","section":"Shading Mode"},"sceneLighting":true,"audioPlay":false,"sceneViewState":{"showFog":false,"showMaterialUpdate":false,"showSkybox":false,"showFlares":false,"showImageEffects":false,"showParticleSystems":true},"in2DMode":false,"pivot":{"x":3.336806297302246,"y":5.12900972366333,"z":91.53327178955078},"rotation":{"x":0.13942113518714906,"y":-0.30928781628608706,"z":0.04589046537876129,"w":0.9395822882652283},"size":16.863149642944337,"orthographic":false}