{"cameraMode":{"drawMode":0,"name":"Shaded","section":"Shading Mode"},"sceneLighting":false,"audioPlay":false,"sceneViewState":{"showFog":false,"showMaterialUpdate":false,"showSkybox":false,"showFlares":false,"showImageEffects":false,"showParticleSystems":true},"in2DMode":false,"pivot":{"x":0.0000059604644775390629,"y":1.6043208837509156,"z":0.0},"rotation":{"x":0.11630196869373322,"y":-0.8267980813980103,"z":0.1855919510126114,"w":0.5181211233139038},"size":12.243532180786133,"orthographic":false}