{"cameraMode":{"drawMode":0,"name":"Shaded","section":"Shading Mode"},"sceneLighting":false,"audioPlay":false,"sceneViewState":{"showFog":false,"showMaterialUpdate":false,"showSkybox":false,"showFlares":false,"showImageEffects":false,"showParticleSystems":true},"in2DMode":false,"pivot":{"x":-9.0,"y":0.9872667193412781,"z":4.271317005157471},"rotation":{"x":0.06925445795059204,"y":0.004485228564590216,"z":-0.0003096861473750323,"w":0.9975947737693787},"size":4.011404514312744,"orthographic":false}